motif_id	motif_alt_id	sequence_name	start	stop	strand	score	p-value	q-value	matched_sequence
MA0343.2	NDT80	JH725244	542	550	+	15.5586	3.69e-06	0.604	GCCACAAAA
MA0343.2	NDT80	JH725356	958	966	-	15.5586	3.69e-06	0.604	GCCACAAAA
MA0343.2	NDT80	JH725207	1045	1053	+	15.5586	3.69e-06	0.604	GCCACAAAA
MA0343.2	NDT80	JH725209	1073	1081	+	15.5586	3.69e-06	0.604	GCCACAAAA
MA0343.2	NDT80	JH725252	1498	1506	+	15.5586	3.69e-06	0.604	GCCACAAAA
MA0343.2	NDT80	JH725226	2042	2050	-	15.5586	3.69e-06	0.604	GCCACAAAA
MA0343.2	NDT80	JH725180	2826	2834	+	15.5586	3.69e-06	0.604	GCCACAAAA
MA0343.2	NDT80	JH725260	3623	3631	+	15.5586	3.69e-06	0.604	GCCACAAAA
MA0343.2	NDT80	JH725232	4539	4547	-	15.5586	3.69e-06	0.604	GCCACAAAA
MA0343.2	NDT80	JH725244	5121	5129	-	15.5586	3.69e-06	0.604	GCCACAAAA
MA0343.2	NDT80	JH725244	5259	5267	-	15.5586	3.69e-06	0.604	GCCACAAAA
MA0343.2	NDT80	JH725172	5864	5872	+	15.5586	3.69e-06	0.604	GCCACAAAA
MA0343.2	NDT80	JH725289	6178	6186	+	15.5586	3.69e-06	0.604	GCCACAAAA
MA0343.2	NDT80	JH725180	6854	6862	-	15.5586	3.69e-06	0.604	GCCACAAAA
MA0343.2	NDT80	JH725264	7950	7958	-	15.5586	3.69e-06	0.604	GCCACAAAA
MA0343.2	NDT80	JH725162	8053	8061	-	15.5586	3.69e-06	0.604	GCCACAAAA
MA0343.2	NDT80	JH725278	8054	8062	-	15.5586	3.69e-06	0.604	GCCACAAAA
MA0343.2	NDT80	JH725210	9008	9016	+	15.5586	3.69e-06	0.604	GCCACAAAA
MA0343.2	NDT80	JH725151	9615	9623	-	15.5586	3.69e-06	0.604	GCCACAAAA
MA0343.2	NDT80	JH725239	10012	10020	+	15.5586	3.69e-06	0.604	GCCACAAAA
MA0343.2	NDT80	JH725247	10687	10695	-	15.5586	3.69e-06	0.604	GCCACAAAA
MA0343.2	NDT80	JH725230	11832	11840	-	15.5586	3.69e-06	0.604	GCCACAAAA
MA0343.2	NDT80	JH725245	11982	11990	-	15.5586	3.69e-06	0.604	GCCACAAAA
MA0343.2	NDT80	JH725207	12465	12473	+	15.5586	3.69e-06	0.604	GCCACAAAA
MA0343.2	NDT80	JH725166	12655	12663	+	15.5586	3.69e-06	0.604	GCCACAAAA
MA0343.2	NDT80	JH725254	12990	12998	-	15.5586	3.69e-06	0.604	GCCACAAAA
MA0343.2	NDT80	JH725209	14366	14374	+	15.5586	3.69e-06	0.604	GCCACAAAA
MA0343.2	NDT80	JH725185	14556	14564	+	15.5586	3.69e-06	0.604	GCCACAAAA
MA0343.2	NDT80	JH725256	15025	15033	-	15.5586	3.69e-06	0.604	GCCACAAAA
MA0343.2	NDT80	JH725234	16526	16534	-	15.5586	3.69e-06	0.604	GCCACAAAA
MA0343.2	NDT80	JH725204	17373	17381	+	15.5586	3.69e-06	0.604	GCCACAAAA
MA0343.2	NDT80	JH725224	17658	17666	-	15.5586	3.69e-06	0.604	GCCACAAAA
MA0343.2	NDT80	JH725222	18271	18279	-	15.5586	3.69e-06	0.604	GCCACAAAA
MA0343.2	NDT80	JH725243	18990	18998	+	15.5586	3.69e-06	0.604	GCCACAAAA
MA0343.2	NDT80	JH725152	19855	19863	+	15.5586	3.69e-06	0.604	GCCACAAAA
MA0343.2	NDT80	JH725210	23771	23779	-	15.5586	3.69e-06	0.604	GCCACAAAA
MA0343.2	NDT80	JH725206	24019	24027	+	15.5586	3.69e-06	0.604	GCCACAAAA
MA0343.2	NDT80	JH725247	24515	24523	-	15.5586	3.69e-06	0.604	GCCACAAAA
MA0343.2	NDT80	JH725188	24869	24877	+	15.5586	3.69e-06	0.604	GCCACAAAA
MA0343.2	NDT80	JH725154	25397	25405	+	15.5586	3.69e-06	0.604	GCCACAAAA
MA0343.2	NDT80	JH725164	25676	25684	+	15.5586	3.69e-06	0.604	GCCACAAAA
MA0343.2	NDT80	JH725242	26387	26395	-	15.5586	3.69e-06	0.604	GCCACAAAA
MA0343.2	NDT80	JH725188	29493	29501	+	15.5586	3.69e-06	0.604	GCCACAAAA
MA0343.2	NDT80	JH725170	34725	34733	+	15.5586	3.69e-06	0.604	GCCACAAAA
MA0343.2	NDT80	JH725185	34726	34734	-	15.5586	3.69e-06	0.604	GCCACAAAA
MA0343.2	NDT80	JH725189	35153	35161	+	15.5586	3.69e-06	0.604	GCCACAAAA
MA0343.2	NDT80	JH725219	35541	35549	+	15.5586	3.69e-06	0.604	GCCACAAAA
MA0343.2	NDT80	JH725218	37859	37867	-	15.5586	3.69e-06	0.604	GCCACAAAA
MA0343.2	NDT80	JH725171	38890	38898	-	15.5586	3.69e-06	0.604	GCCACAAAA
MA0343.2	NDT80	JH725168	39489	39497	+	15.5586	3.69e-06	0.604	GCCACAAAA
MA0343.2	NDT80	JH725151	41011	41019	+	15.5586	3.69e-06	0.604	GCCACAAAA
MA0343.2	NDT80	JH725161	41487	41495	-	15.5586	3.69e-06	0.604	GCCACAAAA
MA0343.2	NDT80	JH725167	41722	41730	+	15.5586	3.69e-06	0.604	GCCACAAAA
MA0343.2	NDT80	JH725165	41891	41899	+	15.5586	3.69e-06	0.604	GCCACAAAA
MA0343.2	NDT80	JH725204	44418	44426	+	15.5586	3.69e-06	0.604	GCCACAAAA
MA0343.2	NDT80	JH725180	47571	47579	+	15.5586	3.69e-06	0.604	GCCACAAAA
MA0343.2	NDT80	JH725167	48877	48885	+	15.5586	3.69e-06	0.604	GCCACAAAA
MA0343.2	NDT80	JH725193	50635	50643	+	15.5586	3.69e-06	0.604	GCCACAAAA
MA0343.2	NDT80	JH725205	51056	51064	+	15.5586	3.69e-06	0.604	GCCACAAAA
MA0343.2	NDT80	JH725165	51607	51615	+	15.5586	3.69e-06	0.604	GCCACAAAA
MA0343.2	NDT80	JH725183	52469	52477	-	15.5586	3.69e-06	0.604	GCCACAAAA
MA0343.2	NDT80	JH725170	52472	52480	-	15.5586	3.69e-06	0.604	GCCACAAAA
MA0343.2	NDT80	JH725214	53326	53334	-	15.5586	3.69e-06	0.604	GCCACAAAA
MA0343.2	NDT80	JH725179	53933	53941	+	15.5586	3.69e-06	0.604	GCCACAAAA
MA0343.2	NDT80	JH725166	54258	54266	-	15.5586	3.69e-06	0.604	GCCACAAAA
MA0343.2	NDT80	JH725152	55041	55049	+	15.5586	3.69e-06	0.604	GCCACAAAA
MA0343.2	NDT80	JH725171	55829	55837	+	15.5586	3.69e-06	0.604	GCCACAAAA
MA0343.2	NDT80	JH725150	56041	56049	+	15.5586	3.69e-06	0.604	GCCACAAAA
MA0343.2	NDT80	JH725183	56377	56385	+	15.5586	3.69e-06	0.604	GCCACAAAA
MA0343.2	NDT80	JH725164	57490	57498	-	15.5586	3.69e-06	0.604	GCCACAAAA
MA0343.2	NDT80	JH725162	58395	58403	+	15.5586	3.69e-06	0.604	GCCACAAAA
MA0343.2	NDT80	JH725166	58647	58655	-	15.5586	3.69e-06	0.604	GCCACAAAA
MA0343.2	NDT80	JH725152	59760	59768	+	15.5586	3.69e-06	0.604	GCCACAAAA
MA0343.2	NDT80	JH725158	61786	61794	+	15.5586	3.69e-06	0.604	GCCACAAAA
MA0343.2	NDT80	JH725174	61923	61931	-	15.5586	3.69e-06	0.604	GCCACAAAA
MA0343.2	NDT80	JH725183	62772	62780	+	15.5586	3.69e-06	0.604	GCCACAAAA
MA0343.2	NDT80	JH725217	63503	63511	-	15.5586	3.69e-06	0.604	GCCACAAAA
MA0343.2	NDT80	JH725179	64789	64797	-	15.5586	3.69e-06	0.604	GCCACAAAA
MA0343.2	NDT80	JH725202	66457	66465	-	15.5586	3.69e-06	0.604	GCCACAAAA
MA0343.2	NDT80	JH725154	71762	71770	-	15.5586	3.69e-06	0.604	GCCACAAAA
MA0343.2	NDT80	JH725156	72070	72078	+	15.5586	3.69e-06	0.604	GCCACAAAA
MA0343.2	NDT80	JH725214	72277	72285	+	15.5586	3.69e-06	0.604	GCCACAAAA
MA0343.2	NDT80	JH725192	75192	75200	-	15.5586	3.69e-06	0.604	GCCACAAAA
MA0343.2	NDT80	JH725156	75715	75723	+	15.5586	3.69e-06	0.604	GCCACAAAA
MA0343.2	NDT80	JH725152	75947	75955	-	15.5586	3.69e-06	0.604	GCCACAAAA
MA0343.2	NDT80	JH725165	76655	76663	+	15.5586	3.69e-06	0.604	GCCACAAAA
MA0343.2	NDT80	JH725155	79344	79352	-	15.5586	3.69e-06	0.604	GCCACAAAA
MA0343.2	NDT80	JH725169	80609	80617	-	15.5586	3.69e-06	0.604	GCCACAAAA
MA0343.2	NDT80	JH725155	83642	83650	+	15.5586	3.69e-06	0.604	GCCACAAAA
MA0343.2	NDT80	JH725197	84407	84415	-	15.5586	3.69e-06	0.604	GCCACAAAA
MA0343.2	NDT80	JH725196	85543	85551	+	15.5586	3.69e-06	0.604	GCCACAAAA
MA0343.2	NDT80	JH725159	87617	87625	+	15.5586	3.69e-06	0.604	GCCACAAAA
MA0343.2	NDT80	JH725175	88640	88648	+	15.5586	3.69e-06	0.604	GCCACAAAA
MA0343.2	NDT80	JH725202	92488	92496	+	15.5586	3.69e-06	0.604	GCCACAAAA
MA0343.2	NDT80	JH725153	93087	93095	-	15.5586	3.69e-06	0.604	GCCACAAAA
MA0343.2	NDT80	JH725162	93208	93216	-	15.5586	3.69e-06	0.604	GCCACAAAA
MA0343.2	NDT80	JH725193	94116	94124	-	15.5586	3.69e-06	0.604	GCCACAAAA
MA0343.2	NDT80	JH725198	96732	96740	+	15.5586	3.69e-06	0.604	GCCACAAAA
MA0343.2	NDT80	JH725164	98294	98302	+	15.5586	3.69e-06	0.604	GCCACAAAA
MA0343.2	NDT80	JH725195	101147	101155	+	15.5586	3.69e-06	0.604	GCCACAAAA
MA0343.2	NDT80	JH725186	101688	101696	-	15.5586	3.69e-06	0.604	GCCACAAAA
MA0343.2	NDT80	JH725175	105638	105646	-	15.5586	3.69e-06	0.604	GCCACAAAA
MA0343.2	NDT80	JH725154	106403	106411	+	15.5586	3.69e-06	0.604	GCCACAAAA
MA0343.2	NDT80	JH725156	107571	107579	+	15.5586	3.69e-06	0.604	GCCACAAAA
MA0343.2	NDT80	JH725191	110282	110290	+	15.5586	3.69e-06	0.604	GCCACAAAA
MA0343.2	NDT80	JH725188	110886	110894	+	15.5586	3.69e-06	0.604	GCCACAAAA
MA0343.2	NDT80	JH725159	112936	112944	+	15.5586	3.69e-06	0.604	GCCACAAAA
MA0343.2	NDT80	JH725176	113871	113879	+	15.5586	3.69e-06	0.604	GCCACAAAA
MA0343.2	NDT80	JH725173	114291	114299	-	15.5586	3.69e-06	0.604	GCCACAAAA
MA0343.2	NDT80	JH725189	114904	114912	+	15.5586	3.69e-06	0.604	GCCACAAAA
MA0343.2	NDT80	JH725154	116199	116207	-	15.5586	3.69e-06	0.604	GCCACAAAA
MA0343.2	NDT80	JH725194	116456	116464	-	15.5586	3.69e-06	0.604	GCCACAAAA
MA0343.2	NDT80	JH725175	117125	117133	+	15.5586	3.69e-06	0.604	GCCACAAAA
MA0343.2	NDT80	JH725162	117240	117248	+	15.5586	3.69e-06	0.604	GCCACAAAA
MA0343.2	NDT80	JH725169	118443	118451	-	15.5586	3.69e-06	0.604	GCCACAAAA
MA0343.2	NDT80	JH725159	118447	118455	-	15.5586	3.69e-06	0.604	GCCACAAAA
MA0343.2	NDT80	JH725172	119926	119934	+	15.5586	3.69e-06	0.604	GCCACAAAA
MA0343.2	NDT80	JH725169	122229	122237	-	15.5586	3.69e-06	0.604	GCCACAAAA
MA0343.2	NDT80	JH725197	122801	122809	+	15.5586	3.69e-06	0.604	GCCACAAAA
MA0343.2	NDT80	JH725174	124058	124066	-	15.5586	3.69e-06	0.604	GCCACAAAA
MA0343.2	NDT80	JH725190	124881	124889	-	15.5586	3.69e-06	0.604	GCCACAAAA
MA0343.2	NDT80	JH725182	125600	125608	-	15.5586	3.69e-06	0.604	GCCACAAAA
MA0343.2	NDT80	JH725153	127529	127537	-	15.5586	3.69e-06	0.604	GCCACAAAA
MA0343.2	NDT80	JH725187	127812	127820	+	15.5586	3.69e-06	0.604	GCCACAAAA
MA0343.2	NDT80	JH725154	129599	129607	-	15.5586	3.69e-06	0.604	GCCACAAAA
MA0343.2	NDT80	JH725169	136650	136658	-	15.5586	3.69e-06	0.604	GCCACAAAA
MA0343.2	NDT80	JH725152	137044	137052	-	15.5586	3.69e-06	0.604	GCCACAAAA
MA0343.2	NDT80	JH725174	138331	138339	+	15.5586	3.69e-06	0.604	GCCACAAAA
MA0343.2	NDT80	JH725185	138778	138786	-	15.5586	3.69e-06	0.604	GCCACAAAA
MA0343.2	NDT80	JH725193	140215	140223	-	15.5586	3.69e-06	0.604	GCCACAAAA
MA0343.2	NDT80	JH725177	141474	141482	+	15.5586	3.69e-06	0.604	GCCACAAAA
MA0343.2	NDT80	JH725166	142799	142807	-	15.5586	3.69e-06	0.604	GCCACAAAA
MA0343.2	NDT80	JH725191	145542	145550	-	15.5586	3.69e-06	0.604	GCCACAAAA
MA0343.2	NDT80	JH725154	149761	149769	+	15.5586	3.69e-06	0.604	GCCACAAAA
MA0343.2	NDT80	JH725194	150646	150654	-	15.5586	3.69e-06	0.604	GCCACAAAA
MA0343.2	NDT80	JH725171	151097	151105	-	15.5586	3.69e-06	0.604	GCCACAAAA
MA0343.2	NDT80	JH725190	152203	152211	-	15.5586	3.69e-06	0.604	GCCACAAAA
MA0343.2	NDT80	JH725186	152669	152677	-	15.5586	3.69e-06	0.604	GCCACAAAA
MA0343.2	NDT80	JH725161	153220	153228	-	15.5586	3.69e-06	0.604	GCCACAAAA
MA0343.2	NDT80	JH725173	155152	155160	+	15.5586	3.69e-06	0.604	GCCACAAAA
MA0343.2	NDT80	JH725180	155765	155773	+	15.5586	3.69e-06	0.604	GCCACAAAA
MA0343.2	NDT80	JH725150	156572	156580	+	15.5586	3.69e-06	0.604	GCCACAAAA
MA0343.2	NDT80	JH725176	160027	160035	-	15.5586	3.69e-06	0.604	GCCACAAAA
MA0343.2	NDT80	JH725154	161617	161625	-	15.5586	3.69e-06	0.604	GCCACAAAA
MA0343.2	NDT80	JH725172	162037	162045	-	15.5586	3.69e-06	0.604	GCCACAAAA
MA0343.2	NDT80	JH725169	163438	163446	-	15.5586	3.69e-06	0.604	GCCACAAAA
MA0343.2	NDT80	JH725190	163574	163582	-	15.5586	3.69e-06	0.604	GCCACAAAA
MA0343.2	NDT80	JH725172	165902	165910	-	15.5586	3.69e-06	0.604	GCCACAAAA
MA0343.2	NDT80	JH725167	166098	166106	-	15.5586	3.69e-06	0.604	GCCACAAAA
MA0343.2	NDT80	JH725190	167450	167458	+	15.5586	3.69e-06	0.604	GCCACAAAA
MA0343.2	NDT80	JH725156	177661	177669	-	15.5586	3.69e-06	0.604	GCCACAAAA
MA0343.2	NDT80	JH725175	178100	178108	+	15.5586	3.69e-06	0.604	GCCACAAAA
MA0343.2	NDT80	JH725154	180657	180665	+	15.5586	3.69e-06	0.604	GCCACAAAA
MA0343.2	NDT80	JH725175	182472	182480	-	15.5586	3.69e-06	0.604	GCCACAAAA
MA0343.2	NDT80	JH725177	184626	184634	-	15.5586	3.69e-06	0.604	GCCACAAAA
MA0343.2	NDT80	JH725181	187297	187305	-	15.5586	3.69e-06	0.604	GCCACAAAA
MA0343.2	NDT80	JH725159	189188	189196	+	15.5586	3.69e-06	0.604	GCCACAAAA
MA0343.2	NDT80	JH725161	189879	189887	+	15.5586	3.69e-06	0.604	GCCACAAAA
MA0343.2	NDT80	JH725172	191115	191123	-	15.5586	3.69e-06	0.604	GCCACAAAA
MA0343.2	NDT80	JH725169	191250	191258	-	15.5586	3.69e-06	0.604	GCCACAAAA
MA0343.2	NDT80	JH725166	191977	191985	+	15.5586	3.69e-06	0.604	GCCACAAAA
MA0343.2	NDT80	JH725161	192200	192208	+	15.5586	3.69e-06	0.604	GCCACAAAA
MA0343.2	NDT80	JH725155	194380	194388	+	15.5586	3.69e-06	0.604	GCCACAAAA
MA0343.2	NDT80	JH725176	194831	194839	-	15.5586	3.69e-06	0.604	GCCACAAAA
MA0343.2	NDT80	JH725172	195586	195594	+	15.5586	3.69e-06	0.604	GCCACAAAA
MA0343.2	NDT80	JH725166	196219	196227	+	15.5586	3.69e-06	0.604	GCCACAAAA
MA0343.2	NDT80	JH725160	197553	197561	+	15.5586	3.69e-06	0.604	GCCACAAAA
MA0343.2	NDT80	JH725180	198308	198316	-	15.5586	3.69e-06	0.604	GCCACAAAA
MA0343.2	NDT80	JH725170	200625	200633	+	15.5586	3.69e-06	0.604	GCCACAAAA
MA0343.2	NDT80	JH725157	207145	207153	+	15.5586	3.69e-06	0.604	GCCACAAAA
MA0343.2	NDT80	JH725182	207535	207543	-	15.5586	3.69e-06	0.604	GCCACAAAA
MA0343.2	NDT80	JH725161	207960	207968	-	15.5586	3.69e-06	0.604	GCCACAAAA
MA0343.2	NDT80	JH725168	209910	209918	+	15.5586	3.69e-06	0.604	GCCACAAAA
MA0343.2	NDT80	JH725181	211370	211378	+	15.5586	3.69e-06	0.604	GCCACAAAA
MA0343.2	NDT80	JH725158	211453	211461	-	15.5586	3.69e-06	0.604	GCCACAAAA
MA0343.2	NDT80	JH725164	213462	213470	+	15.5586	3.69e-06	0.604	GCCACAAAA
MA0343.2	NDT80	JH725180	214039	214047	+	15.5586	3.69e-06	0.604	GCCACAAAA
MA0343.2	NDT80	JH725170	215047	215055	-	15.5586	3.69e-06	0.604	GCCACAAAA
MA0343.2	NDT80	JH725172	218249	218257	-	15.5586	3.69e-06	0.604	GCCACAAAA
MA0343.2	NDT80	JH725184	222477	222485	+	15.5586	3.69e-06	0.604	GCCACAAAA
MA0343.2	NDT80	JH725178	223243	223251	+	15.5586	3.69e-06	0.604	GCCACAAAA
MA0343.2	NDT80	JH725161	223798	223806	-	15.5586	3.69e-06	0.604	GCCACAAAA
MA0343.2	NDT80	JH725166	224055	224063	-	15.5586	3.69e-06	0.604	GCCACAAAA
MA0343.2	NDT80	JH725164	227137	227145	-	15.5586	3.69e-06	0.604	GCCACAAAA
MA0343.2	NDT80	JH725161	231686	231694	-	15.5586	3.69e-06	0.604	GCCACAAAA
MA0343.2	NDT80	JH725164	232886	232894	-	15.5586	3.69e-06	0.604	GCCACAAAA
MA0343.2	NDT80	JH725172	233244	233252	-	15.5586	3.69e-06	0.604	GCCACAAAA
MA0343.2	NDT80	JH725174	234876	234884	-	15.5586	3.69e-06	0.604	GCCACAAAA
MA0343.2	NDT80	JH725154	236466	236474	-	15.5586	3.69e-06	0.604	GCCACAAAA
MA0343.2	NDT80	JH725165	240500	240508	-	15.5586	3.69e-06	0.604	GCCACAAAA
MA0343.2	NDT80	JH725164	253519	253527	-	15.5586	3.69e-06	0.604	GCCACAAAA
MA0343.2	NDT80	JH725174	253992	254000	+	15.5586	3.69e-06	0.604	GCCACAAAA
MA0343.2	NDT80	JH725155	260036	260044	+	15.5586	3.69e-06	0.604	GCCACAAAA
MA0343.2	NDT80	JH725150	267080	267088	+	15.5586	3.69e-06	0.604	GCCACAAAA
MA0343.2	NDT80	JH725154	270797	270805	+	15.5586	3.69e-06	0.604	GCCACAAAA
MA0343.2	NDT80	JH725158	271925	271933	-	15.5586	3.69e-06	0.604	GCCACAAAA
MA0343.2	NDT80	JH725154	273797	273805	+	15.5586	3.69e-06	0.604	GCCACAAAA
MA0343.2	NDT80	JH725175	275352	275360	-	15.5586	3.69e-06	0.604	GCCACAAAA
MA0343.2	NDT80	JH725166	281701	281709	+	15.5586	3.69e-06	0.604	GCCACAAAA
MA0343.2	NDT80	JH725174	283317	283325	-	15.5586	3.69e-06	0.604	GCCACAAAA
MA0343.2	NDT80	JH725169	287522	287530	-	15.5586	3.69e-06	0.604	GCCACAAAA
MA0343.2	NDT80	JH725173	292573	292581	-	15.5586	3.69e-06	0.604	GCCACAAAA
MA0343.2	NDT80	JH725178	293462	293470	+	15.5586	3.69e-06	0.604	GCCACAAAA
MA0343.2	NDT80	JH725165	300551	300559	+	15.5586	3.69e-06	0.604	GCCACAAAA
MA0343.2	NDT80	JH725175	302934	302942	-	15.5586	3.69e-06	0.604	GCCACAAAA
MA0343.2	NDT80	JH725165	303899	303907	+	15.5586	3.69e-06	0.604	GCCACAAAA
MA0343.2	NDT80	JH725166	305330	305338	-	15.5586	3.69e-06	0.604	GCCACAAAA
MA0343.2	NDT80	JH725155	306225	306233	-	15.5586	3.69e-06	0.604	GCCACAAAA
MA0343.2	NDT80	JH725165	310200	310208	-	15.5586	3.69e-06	0.604	GCCACAAAA
MA0343.2	NDT80	JH725158	312285	312293	-	15.5586	3.69e-06	0.604	GCCACAAAA
MA0343.2	NDT80	JH725166	313374	313382	+	15.5586	3.69e-06	0.604	GCCACAAAA
MA0343.2	NDT80	JH725164	314734	314742	+	15.5586	3.69e-06	0.604	GCCACAAAA
MA0343.2	NDT80	JH725151	315462	315470	-	15.5586	3.69e-06	0.604	GCCACAAAA
MA0343.2	NDT80	JH725161	324791	324799	-	15.5586	3.69e-06	0.604	GCCACAAAA
MA0343.2	NDT80	JH725166	326610	326618	+	15.5586	3.69e-06	0.604	GCCACAAAA
MA0343.2	NDT80	JH725150	326611	326619	+	15.5586	3.69e-06	0.604	GCCACAAAA
MA0343.2	NDT80	JH725166	327942	327950	+	15.5586	3.69e-06	0.604	GCCACAAAA
MA0343.2	NDT80	JH725170	328760	328768	+	15.5586	3.69e-06	0.604	GCCACAAAA
MA0343.2	NDT80	JH725152	347181	347189	+	15.5586	3.69e-06	0.604	GCCACAAAA
MA0343.2	NDT80	JH725152	351125	351133	-	15.5586	3.69e-06	0.604	GCCACAAAA
MA0343.2	NDT80	JH725172	355169	355177	-	15.5586	3.69e-06	0.604	GCCACAAAA
MA0343.2	NDT80	JH725161	359157	359165	-	15.5586	3.69e-06	0.604	GCCACAAAA
MA0343.2	NDT80	JH725172	359581	359589	-	15.5586	3.69e-06	0.604	GCCACAAAA
MA0343.2	NDT80	JH725174	364472	364480	+	15.5586	3.69e-06	0.604	GCCACAAAA
MA0343.2	NDT80	JH725157	366468	366476	+	15.5586	3.69e-06	0.604	GCCACAAAA
MA0343.2	NDT80	JH725157	368999	369007	+	15.5586	3.69e-06	0.604	GCCACAAAA
MA0343.2	NDT80	JH725166	370860	370868	+	15.5586	3.69e-06	0.604	GCCACAAAA
MA0343.2	NDT80	JH725174	374702	374710	+	15.5586	3.69e-06	0.604	GCCACAAAA
MA0343.2	NDT80	JH725153	375380	375388	+	15.5586	3.69e-06	0.604	GCCACAAAA
MA0343.2	NDT80	JH725157	382868	382876	+	15.5586	3.69e-06	0.604	GCCACAAAA
MA0343.2	NDT80	JH725159	383352	383360	+	15.5586	3.69e-06	0.604	GCCACAAAA
MA0343.2	NDT80	JH725167	384857	384865	+	15.5586	3.69e-06	0.604	GCCACAAAA
MA0343.2	NDT80	JH725172	386519	386527	-	15.5586	3.69e-06	0.604	GCCACAAAA
MA0343.2	NDT80	JH725175	386735	386743	+	15.5586	3.69e-06	0.604	GCCACAAAA
MA0343.2	NDT80	JH725156	392083	392091	-	15.5586	3.69e-06	0.604	GCCACAAAA
MA0343.2	NDT80	JH725172	394076	394084	-	15.5586	3.69e-06	0.604	GCCACAAAA
MA0343.2	NDT80	JH725168	395278	395286	+	15.5586	3.69e-06	0.604	GCCACAAAA
MA0343.2	NDT80	JH725169	396696	396704	+	15.5586	3.69e-06	0.604	GCCACAAAA
MA0343.2	NDT80	JH725164	397049	397057	+	15.5586	3.69e-06	0.604	GCCACAAAA
MA0343.2	NDT80	JH725173	398092	398100	-	15.5586	3.69e-06	0.604	GCCACAAAA
MA0343.2	NDT80	JH725175	399967	399975	-	15.5586	3.69e-06	0.604	GCCACAAAA
MA0343.2	NDT80	JH725175	400021	400029	-	15.5586	3.69e-06	0.604	GCCACAAAA
MA0343.2	NDT80	JH725173	406548	406556	-	15.5586	3.69e-06	0.604	GCCACAAAA
MA0343.2	NDT80	JH725150	411081	411089	+	15.5586	3.69e-06	0.604	GCCACAAAA
MA0343.2	NDT80	JH725162	412418	412426	+	15.5586	3.69e-06	0.604	GCCACAAAA
MA0343.2	NDT80	JH725167	413488	413496	-	15.5586	3.69e-06	0.604	GCCACAAAA
MA0343.2	NDT80	JH725169	414791	414799	+	15.5586	3.69e-06	0.604	GCCACAAAA
MA0343.2	NDT80	JH725172	416255	416263	+	15.5586	3.69e-06	0.604	GCCACAAAA
MA0343.2	NDT80	JH725169	417734	417742	+	15.5586	3.69e-06	0.604	GCCACAAAA
MA0343.2	NDT80	JH725151	419740	419748	+	15.5586	3.69e-06	0.604	GCCACAAAA
MA0343.2	NDT80	JH725166	421972	421980	-	15.5586	3.69e-06	0.604	GCCACAAAA
MA0343.2	NDT80	JH725164	423018	423026	-	15.5586	3.69e-06	0.604	GCCACAAAA
MA0343.2	NDT80	JH725171	423933	423941	+	15.5586	3.69e-06	0.604	GCCACAAAA
MA0343.2	NDT80	JH725157	424176	424184	+	15.5586	3.69e-06	0.604	GCCACAAAA
MA0343.2	NDT80	JH725171	426502	426510	+	15.5586	3.69e-06	0.604	GCCACAAAA
MA0343.2	NDT80	JH725169	440681	440689	-	15.5586	3.69e-06	0.604	GCCACAAAA
MA0343.2	NDT80	JH725161	449212	449220	-	15.5586	3.69e-06	0.604	GCCACAAAA
MA0343.2	NDT80	JH725171	450219	450227	+	15.5586	3.69e-06	0.604	GCCACAAAA
MA0343.2	NDT80	JH725167	450428	450436	-	15.5586	3.69e-06	0.604	GCCACAAAA
MA0343.2	NDT80	JH725159	450559	450567	-	15.5586	3.69e-06	0.604	GCCACAAAA
MA0343.2	NDT80	JH725153	452448	452456	-	15.5586	3.69e-06	0.604	GCCACAAAA
MA0343.2	NDT80	JH725171	453532	453540	-	15.5586	3.69e-06	0.604	GCCACAAAA
MA0343.2	NDT80	JH725158	460754	460762	-	15.5586	3.69e-06	0.604	GCCACAAAA
MA0343.2	NDT80	JH725165	468376	468384	-	15.5586	3.69e-06	0.604	GCCACAAAA
MA0343.2	NDT80	JH725165	470106	470114	-	15.5586	3.69e-06	0.604	GCCACAAAA
MA0343.2	NDT80	JH725152	470562	470570	+	15.5586	3.69e-06	0.604	GCCACAAAA
MA0343.2	NDT80	JH725166	472729	472737	-	15.5586	3.69e-06	0.604	GCCACAAAA
MA0343.2	NDT80	JH725162	476768	476776	-	15.5586	3.69e-06	0.604	GCCACAAAA
MA0343.2	NDT80	JH725152	483721	483729	+	15.5586	3.69e-06	0.604	GCCACAAAA
MA0343.2	NDT80	JH725153	485221	485229	-	15.5586	3.69e-06	0.604	GCCACAAAA
MA0343.2	NDT80	JH725170	485999	486007	+	15.5586	3.69e-06	0.604	GCCACAAAA
MA0343.2	NDT80	JH725152	489819	489827	-	15.5586	3.69e-06	0.604	GCCACAAAA
MA0343.2	NDT80	JH725156	490159	490167	+	15.5586	3.69e-06	0.604	GCCACAAAA
MA0343.2	NDT80	JH725159	494552	494560	-	15.5586	3.69e-06	0.604	GCCACAAAA
MA0343.2	NDT80	JH725161	500224	500232	+	15.5586	3.69e-06	0.604	GCCACAAAA
MA0343.2	NDT80	JH725164	513317	513325	+	15.5586	3.69e-06	0.604	GCCACAAAA
MA0343.2	NDT80	JH725154	517145	517153	-	15.5586	3.69e-06	0.604	GCCACAAAA
MA0343.2	NDT80	JH725160	518781	518789	-	15.5586	3.69e-06	0.604	GCCACAAAA
MA0343.2	NDT80	JH725155	521135	521143	-	15.5586	3.69e-06	0.604	GCCACAAAA
MA0343.2	NDT80	JH725155	521327	521335	-	15.5586	3.69e-06	0.604	GCCACAAAA
MA0343.2	NDT80	JH725153	521685	521693	-	15.5586	3.69e-06	0.604	GCCACAAAA
MA0343.2	NDT80	JH725161	530944	530952	+	15.5586	3.69e-06	0.604	GCCACAAAA
MA0343.2	NDT80	JH725152	544215	544223	-	15.5586	3.69e-06	0.604	GCCACAAAA
MA0343.2	NDT80	JH725154	544531	544539	+	15.5586	3.69e-06	0.604	GCCACAAAA
MA0343.2	NDT80	JH725159	548990	548998	-	15.5586	3.69e-06	0.604	GCCACAAAA
MA0343.2	NDT80	JH725159	549825	549833	-	15.5586	3.69e-06	0.604	GCCACAAAA
MA0343.2	NDT80	JH725166	554100	554108	-	15.5586	3.69e-06	0.604	GCCACAAAA
MA0343.2	NDT80	JH725156	561971	561979	+	15.5586	3.69e-06	0.604	GCCACAAAA
MA0343.2	NDT80	JH725166	569110	569118	+	15.5586	3.69e-06	0.604	GCCACAAAA
MA0343.2	NDT80	JH725166	571942	571950	-	15.5586	3.69e-06	0.604	GCCACAAAA
MA0343.2	NDT80	JH725161	574943	574951	-	15.5586	3.69e-06	0.604	GCCACAAAA
MA0343.2	NDT80	JH725152	580028	580036	-	15.5586	3.69e-06	0.604	GCCACAAAA
MA0343.2	NDT80	JH725164	584961	584969	+	15.5586	3.69e-06	0.604	GCCACAAAA
MA0343.2	NDT80	JH725166	585978	585986	+	15.5586	3.69e-06	0.604	GCCACAAAA
MA0343.2	NDT80	JH725156	587732	587740	-	15.5586	3.69e-06	0.604	GCCACAAAA
MA0343.2	NDT80	JH725152	587819	587827	+	15.5586	3.69e-06	0.604	GCCACAAAA
MA0343.2	NDT80	JH725157	590653	590661	+	15.5586	3.69e-06	0.604	GCCACAAAA
MA0343.2	NDT80	JH725160	592127	592135	-	15.5586	3.69e-06	0.604	GCCACAAAA
MA0343.2	NDT80	JH725160	594719	594727	-	15.5586	3.69e-06	0.604	GCCACAAAA
MA0343.2	NDT80	JH725153	604850	604858	+	15.5586	3.69e-06	0.604	GCCACAAAA
MA0343.2	NDT80	JH725159	608764	608772	+	15.5586	3.69e-06	0.604	GCCACAAAA
MA0343.2	NDT80	JH725162	614046	614054	+	15.5586	3.69e-06	0.604	GCCACAAAA
MA0343.2	NDT80	JH725166	617661	617669	+	15.5586	3.69e-06	0.604	GCCACAAAA
MA0343.2	NDT80	JH725161	620346	620354	+	15.5586	3.69e-06	0.604	GCCACAAAA
MA0343.2	NDT80	JH725163	623073	623081	-	15.5586	3.69e-06	0.604	GCCACAAAA
MA0343.2	NDT80	JH725153	634011	634019	+	15.5586	3.69e-06	0.604	GCCACAAAA
MA0343.2	NDT80	JH725151	641594	641602	-	15.5586	3.69e-06	0.604	GCCACAAAA
MA0343.2	NDT80	JH725161	641816	641824	+	15.5586	3.69e-06	0.604	GCCACAAAA
MA0343.2	NDT80	JH725152	669719	669727	-	15.5586	3.69e-06	0.604	GCCACAAAA
MA0343.2	NDT80	JH725156	671328	671336	+	15.5586	3.69e-06	0.604	GCCACAAAA
MA0343.2	NDT80	JH725158	672296	672304	-	15.5586	3.69e-06	0.604	GCCACAAAA
MA0343.2	NDT80	JH725161	674758	674766	+	15.5586	3.69e-06	0.604	GCCACAAAA
MA0343.2	NDT80	JH725151	679563	679571	+	15.5586	3.69e-06	0.604	GCCACAAAA
MA0343.2	NDT80	JH725155	681111	681119	+	15.5586	3.69e-06	0.604	GCCACAAAA
MA0343.2	NDT80	JH725163	682234	682242	+	15.5586	3.69e-06	0.604	GCCACAAAA
MA0343.2	NDT80	JH725151	709680	709688	+	15.5586	3.69e-06	0.604	GCCACAAAA
MA0343.2	NDT80	JH725156	717140	717148	-	15.5586	3.69e-06	0.604	GCCACAAAA
MA0343.2	NDT80	JH725152	735470	735478	-	15.5586	3.69e-06	0.604	GCCACAAAA
MA0343.2	NDT80	JH725158	740740	740748	-	15.5586	3.69e-06	0.604	GCCACAAAA
MA0343.2	NDT80	JH725158	743229	743237	+	15.5586	3.69e-06	0.604	GCCACAAAA
MA0343.2	NDT80	JH725159	743865	743873	+	15.5586	3.69e-06	0.604	GCCACAAAA
MA0343.2	NDT80	JH725155	749124	749132	-	15.5586	3.69e-06	0.604	GCCACAAAA
MA0343.2	NDT80	JH725153	759500	759508	-	15.5586	3.69e-06	0.604	GCCACAAAA
MA0343.2	NDT80	JH725155	765654	765662	-	15.5586	3.69e-06	0.604	GCCACAAAA
MA0343.2	NDT80	JH725151	769113	769121	-	15.5586	3.69e-06	0.604	GCCACAAAA
MA0343.2	NDT80	JH725157	771893	771901	+	15.5586	3.69e-06	0.604	GCCACAAAA
MA0343.2	NDT80	JH725150	777913	777921	+	15.5586	3.69e-06	0.604	GCCACAAAA
MA0343.2	NDT80	JH725155	785595	785603	+	15.5586	3.69e-06	0.604	GCCACAAAA
MA0343.2	NDT80	JH725150	795608	795616	+	15.5586	3.69e-06	0.604	GCCACAAAA
MA0343.2	NDT80	JH725159	796353	796361	+	15.5586	3.69e-06	0.604	GCCACAAAA
MA0343.2	NDT80	JH725150	797526	797534	-	15.5586	3.69e-06	0.604	GCCACAAAA
MA0343.2	NDT80	JH725151	802630	802638	-	15.5586	3.69e-06	0.604	GCCACAAAA
MA0343.2	NDT80	JH725155	803948	803956	+	15.5586	3.69e-06	0.604	GCCACAAAA
MA0343.2	NDT80	JH725157	814877	814885	+	15.5586	3.69e-06	0.604	GCCACAAAA
MA0343.2	NDT80	JH725152	822748	822756	+	15.5586	3.69e-06	0.604	GCCACAAAA
MA0343.2	NDT80	JH725150	842588	842596	+	15.5586	3.69e-06	0.604	GCCACAAAA
MA0343.2	NDT80	JH725150	864254	864262	+	15.5586	3.69e-06	0.604	GCCACAAAA
MA0343.2	NDT80	JH725152	870044	870052	-	15.5586	3.69e-06	0.604	GCCACAAAA
MA0343.2	NDT80	JH725157	875122	875130	-	15.5586	3.69e-06	0.604	GCCACAAAA
MA0343.2	NDT80	JH725155	876849	876857	+	15.5586	3.69e-06	0.604	GCCACAAAA
MA0343.2	NDT80	JH725153	884618	884626	+	15.5586	3.69e-06	0.604	GCCACAAAA
MA0343.2	NDT80	JH725156	887465	887473	-	15.5586	3.69e-06	0.604	GCCACAAAA
MA0343.2	NDT80	JH725157	901408	901416	-	15.5586	3.69e-06	0.604	GCCACAAAA
MA0343.2	NDT80	JH725151	912560	912568	-	15.5586	3.69e-06	0.604	GCCACAAAA
MA0343.2	NDT80	JH725157	915793	915801	-	15.5586	3.69e-06	0.604	GCCACAAAA
MA0343.2	NDT80	JH725159	919710	919718	+	15.5586	3.69e-06	0.604	GCCACAAAA
MA0343.2	NDT80	JH725157	927528	927536	-	15.5586	3.69e-06	0.604	GCCACAAAA
MA0343.2	NDT80	JH725157	934873	934881	+	15.5586	3.69e-06	0.604	GCCACAAAA
MA0343.2	NDT80	JH725151	941960	941968	+	15.5586	3.69e-06	0.604	GCCACAAAA
MA0343.2	NDT80	JH725157	972991	972999	+	15.5586	3.69e-06	0.604	GCCACAAAA
MA0343.2	NDT80	JH725156	973347	973355	-	15.5586	3.69e-06	0.604	GCCACAAAA
MA0343.2	NDT80	JH725153	975456	975464	-	15.5586	3.69e-06	0.604	GCCACAAAA
MA0343.2	NDT80	JH725156	984953	984961	+	15.5586	3.69e-06	0.604	GCCACAAAA
MA0343.2	NDT80	JH725153	993947	993955	-	15.5586	3.69e-06	0.604	GCCACAAAA
MA0343.2	NDT80	JH725158	994757	994765	-	15.5586	3.69e-06	0.604	GCCACAAAA
MA0343.2	NDT80	JH725155	1008497	1008505	+	15.5586	3.69e-06	0.604	GCCACAAAA
MA0343.2	NDT80	JH725153	1011931	1011939	-	15.5586	3.69e-06	0.604	GCCACAAAA
MA0343.2	NDT80	JH725152	1022096	1022104	+	15.5586	3.69e-06	0.604	GCCACAAAA
MA0343.2	NDT80	JH725150	1037585	1037593	+	15.5586	3.69e-06	0.604	GCCACAAAA
MA0343.2	NDT80	JH725156	1045285	1045293	+	15.5586	3.69e-06	0.604	GCCACAAAA
MA0343.2	NDT80	JH725152	1049068	1049076	-	15.5586	3.69e-06	0.604	GCCACAAAA
MA0343.2	NDT80	JH725155	1057592	1057600	-	15.5586	3.69e-06	0.604	GCCACAAAA
MA0343.2	NDT80	JH725151	1063659	1063667	+	15.5586	3.69e-06	0.604	GCCACAAAA
MA0343.2	NDT80	JH725155	1088498	1088506	+	15.5586	3.69e-06	0.604	GCCACAAAA
MA0343.2	NDT80	JH725154	1090944	1090952	+	15.5586	3.69e-06	0.604	GCCACAAAA
MA0343.2	NDT80	JH725151	1092044	1092052	-	15.5586	3.69e-06	0.604	GCCACAAAA
MA0343.2	NDT80	JH725155	1118010	1118018	-	15.5586	3.69e-06	0.604	GCCACAAAA
MA0343.2	NDT80	JH725157	1118116	1118124	-	15.5586	3.69e-06	0.604	GCCACAAAA
MA0343.2	NDT80	JH725157	1124157	1124165	+	15.5586	3.69e-06	0.604	GCCACAAAA
MA0343.2	NDT80	JH725157	1132457	1132465	-	15.5586	3.69e-06	0.604	GCCACAAAA
MA0343.2	NDT80	JH725155	1136658	1136666	-	15.5586	3.69e-06	0.604	GCCACAAAA
MA0343.2	NDT80	JH725152	1145824	1145832	-	15.5586	3.69e-06	0.604	GCCACAAAA
MA0343.2	NDT80	JH725153	1152584	1152592	-	15.5586	3.69e-06	0.604	GCCACAAAA
MA0343.2	NDT80	JH725156	1167571	1167579	-	15.5586	3.69e-06	0.604	GCCACAAAA
MA0343.2	NDT80	JH725155	1182379	1182387	+	15.5586	3.69e-06	0.604	GCCACAAAA
MA0343.2	NDT80	JH725154	1192846	1192854	+	15.5586	3.69e-06	0.604	GCCACAAAA
MA0343.2	NDT80	JH725153	1209901	1209909	-	15.5586	3.69e-06	0.604	GCCACAAAA
MA0343.2	NDT80	JH725151	1243385	1243393	-	15.5586	3.69e-06	0.604	GCCACAAAA
MA0343.2	NDT80	JH725153	1247259	1247267	-	15.5586	3.69e-06	0.604	GCCACAAAA
MA0343.2	NDT80	JH725153	1278899	1278907	-	15.5586	3.69e-06	0.604	GCCACAAAA
MA0343.2	NDT80	JH725154	1296133	1296141	-	15.5586	3.69e-06	0.604	GCCACAAAA
MA0343.2	NDT80	JH725153	1315324	1315332	+	15.5586	3.69e-06	0.604	GCCACAAAA
MA0343.2	NDT80	JH725153	1319042	1319050	-	15.5586	3.69e-06	0.604	GCCACAAAA
MA0343.2	NDT80	JH725155	1322752	1322760	-	15.5586	3.69e-06	0.604	GCCACAAAA
MA0343.2	NDT80	JH725152	1328316	1328324	-	15.5586	3.69e-06	0.604	GCCACAAAA
MA0343.2	NDT80	JH725150	1358028	1358036	-	15.5586	3.69e-06	0.604	GCCACAAAA
MA0343.2	NDT80	JH725155	1375821	1375829	+	15.5586	3.69e-06	0.604	GCCACAAAA
MA0343.2	NDT80	JH725155	1392752	1392760	-	15.5586	3.69e-06	0.604	GCCACAAAA
MA0343.2	NDT80	JH725154	1415796	1415804	+	15.5586	3.69e-06	0.604	GCCACAAAA
MA0343.2	NDT80	JH725153	1419241	1419249	+	15.5586	3.69e-06	0.604	GCCACAAAA
MA0343.2	NDT80	JH725152	1479079	1479087	+	15.5586	3.69e-06	0.604	GCCACAAAA
MA0343.2	NDT80	JH725153	1494174	1494182	-	15.5586	3.69e-06	0.604	GCCACAAAA
MA0343.2	NDT80	JH725150	1495658	1495666	+	15.5586	3.69e-06	0.604	GCCACAAAA
MA0343.2	NDT80	JH725150	1506139	1506147	-	15.5586	3.69e-06	0.604	GCCACAAAA
MA0343.2	NDT80	JH725153	1535462	1535470	-	15.5586	3.69e-06	0.604	GCCACAAAA
MA0343.2	NDT80	JH725151	1554915	1554923	-	15.5586	3.69e-06	0.604	GCCACAAAA
MA0343.2	NDT80	JH725151	1619023	1619031	-	15.5586	3.69e-06	0.604	GCCACAAAA
MA0343.2	NDT80	JH725151	1677166	1677174	-	15.5586	3.69e-06	0.604	GCCACAAAA
MA0343.2	NDT80	JH725151	1686863	1686871	+	15.5586	3.69e-06	0.604	GCCACAAAA
MA0343.2	NDT80	JH725151	1698021	1698029	-	15.5586	3.69e-06	0.604	GCCACAAAA
MA0343.2	NDT80	JH725150	1705021	1705029	-	15.5586	3.69e-06	0.604	GCCACAAAA
MA0343.2	NDT80	JH725151	1715619	1715627	+	15.5586	3.69e-06	0.604	GCCACAAAA
MA0343.2	NDT80	JH725151	1773250	1773258	-	15.5586	3.69e-06	0.604	GCCACAAAA
MA0343.2	NDT80	JH725150	1854348	1854356	-	15.5586	3.69e-06	0.604	GCCACAAAA
MA0343.2	NDT80	JH725151	1866161	1866169	-	15.5586	3.69e-06	0.604	GCCACAAAA
MA0343.2	NDT80	JH725151	1931426	1931434	+	15.5586	3.69e-06	0.604	GCCACAAAA
MA0343.2	NDT80	JH725150	1984444	1984452	-	15.5586	3.69e-06	0.604	GCCACAAAA
MA0343.2	NDT80	JH725273	108	116	+	15.5225	7.16e-06	0.628	GACACAAAA
MA0343.2	NDT80	JH725349	717	725	-	15.5225	7.16e-06	0.628	GACACAAAA
MA0343.2	NDT80	JH725238	1700	1708	-	15.5225	7.16e-06	0.628	GACACAAAA
MA0343.2	NDT80	JH725298	2038	2046	+	15.5225	7.16e-06	0.628	GACACAAAA
MA0343.2	NDT80	JH725244	2331	2339	-	15.5225	7.16e-06	0.628	GACACAAAA
MA0343.2	NDT80	JH725201	2579	2587	-	15.5225	7.16e-06	0.628	GACACAAAA
MA0343.2	NDT80	JH725208	3670	3678	+	15.5225	7.16e-06	0.628	GACACAAAA
MA0343.2	NDT80	JH725179	4052	4060	-	15.5225	7.16e-06	0.628	GACACAAAA
MA0343.2	NDT80	JH725282	4508	4516	-	15.5225	7.16e-06	0.628	GACACAAAA
MA0343.2	NDT80	JH725293	4586	4594	+	15.5225	7.16e-06	0.628	GACACAAAA
MA0343.2	NDT80	JH725168	6020	6028	+	15.5225	7.16e-06	0.628	GACACAAAA
MA0343.2	NDT80	JH725224	6348	6356	-	15.5225	7.16e-06	0.628	GACACAAAA
MA0343.2	NDT80	JH725161	7301	7309	+	15.5225	7.16e-06	0.628	GACACAAAA
MA0343.2	NDT80	JH725174	8716	8724	-	15.5225	7.16e-06	0.628	GACACAAAA
MA0343.2	NDT80	JH725186	9373	9381	+	15.5225	7.16e-06	0.628	GACACAAAA
MA0343.2	NDT80	JH725171	10200	10208	+	15.5225	7.16e-06	0.628	GACACAAAA
MA0343.2	NDT80	JH725183	10223	10231	+	15.5225	7.16e-06	0.628	GACACAAAA
MA0343.2	NDT80	JH725252	10711	10719	-	15.5225	7.16e-06	0.628	GACACAAAA
MA0343.2	NDT80	JH725237	11264	11272	-	15.5225	7.16e-06	0.628	GACACAAAA
MA0343.2	NDT80	JH725190	11870	11878	-	15.5225	7.16e-06	0.628	GACACAAAA
MA0343.2	NDT80	JH725222	11872	11880	-	15.5225	7.16e-06	0.628	GACACAAAA
MA0343.2	NDT80	JH725205	12727	12735	-	15.5225	7.16e-06	0.628	GACACAAAA
MA0343.2	NDT80	JH725242	14145	14153	-	15.5225	7.16e-06	0.628	GACACAAAA
MA0343.2	NDT80	JH725253	16297	16305	-	15.5225	7.16e-06	0.628	GACACAAAA
MA0343.2	NDT80	JH725230	18344	18352	+	15.5225	7.16e-06	0.628	GACACAAAA
MA0343.2	NDT80	JH725150	18551	18559	-	15.5225	7.16e-06	0.628	GACACAAAA
MA0343.2	NDT80	JH725151	18612	18620	+	15.5225	7.16e-06	0.628	GACACAAAA
MA0343.2	NDT80	JH725220	20851	20859	-	15.5225	7.16e-06	0.628	GACACAAAA
MA0343.2	NDT80	JH725198	20944	20952	-	15.5225	7.16e-06	0.628	GACACAAAA
MA0343.2	NDT80	JH725193	21889	21897	+	15.5225	7.16e-06	0.628	GACACAAAA
MA0343.2	NDT80	JH725175	22565	22573	+	15.5225	7.16e-06	0.628	GACACAAAA
MA0343.2	NDT80	JH725252	22627	22635	-	15.5225	7.16e-06	0.628	GACACAAAA
MA0343.2	NDT80	JH725213	22875	22883	-	15.5225	7.16e-06	0.628	GACACAAAA
MA0343.2	NDT80	JH725235	27644	27652	+	15.5225	7.16e-06	0.628	GACACAAAA
MA0343.2	NDT80	JH725154	27893	27901	-	15.5225	7.16e-06	0.628	GACACAAAA
MA0343.2	NDT80	JH725156	30713	30721	+	15.5225	7.16e-06	0.628	GACACAAAA
MA0343.2	NDT80	JH725208	31199	31207	-	15.5225	7.16e-06	0.628	GACACAAAA
MA0343.2	NDT80	JH725219	31212	31220	+	15.5225	7.16e-06	0.628	GACACAAAA
MA0343.2	NDT80	JH725211	31469	31477	+	15.5225	7.16e-06	0.628	GACACAAAA
MA0343.2	NDT80	JH725171	33866	33874	+	15.5225	7.16e-06	0.628	GACACAAAA
MA0343.2	NDT80	JH725186	34651	34659	+	15.5225	7.16e-06	0.628	GACACAAAA
MA0343.2	NDT80	JH725161	39826	39834	+	15.5225	7.16e-06	0.628	GACACAAAA
MA0343.2	NDT80	JH725172	42886	42894	-	15.5225	7.16e-06	0.628	GACACAAAA
MA0343.2	NDT80	JH725179	43788	43796	-	15.5225	7.16e-06	0.628	GACACAAAA
MA0343.2	NDT80	JH725223	46933	46941	+	15.5225	7.16e-06	0.628	GACACAAAA
MA0343.2	NDT80	JH725219	48857	48865	-	15.5225	7.16e-06	0.628	GACACAAAA
MA0343.2	NDT80	JH725204	49648	49656	+	15.5225	7.16e-06	0.628	GACACAAAA
MA0343.2	NDT80	JH725186	51199	51207	-	15.5225	7.16e-06	0.628	GACACAAAA
MA0343.2	NDT80	JH725186	55495	55503	+	15.5225	7.16e-06	0.628	GACACAAAA
MA0343.2	NDT80	JH725154	56574	56582	+	15.5225	7.16e-06	0.628	GACACAAAA
MA0343.2	NDT80	JH725194	56692	56700	-	15.5225	7.16e-06	0.628	GACACAAAA
MA0343.2	NDT80	JH725159	58879	58887	+	15.5225	7.16e-06	0.628	GACACAAAA
MA0343.2	NDT80	JH725183	61586	61594	-	15.5225	7.16e-06	0.628	GACACAAAA
MA0343.2	NDT80	JH725186	63000	63008	+	15.5225	7.16e-06	0.628	GACACAAAA
MA0343.2	NDT80	JH725185	63048	63056	+	15.5225	7.16e-06	0.628	GACACAAAA
MA0343.2	NDT80	JH725156	63994	64002	+	15.5225	7.16e-06	0.628	GACACAAAA
MA0343.2	NDT80	JH725169	64778	64786	+	15.5225	7.16e-06	0.628	GACACAAAA
MA0343.2	NDT80	JH725186	66631	66639	+	15.5225	7.16e-06	0.628	GACACAAAA
MA0343.2	NDT80	JH725186	67390	67398	-	15.5225	7.16e-06	0.628	GACACAAAA
MA0343.2	NDT80	JH725214	67664	67672	-	15.5225	7.16e-06	0.628	GACACAAAA
MA0343.2	NDT80	JH725210	69530	69538	+	15.5225	7.16e-06	0.628	GACACAAAA
MA0343.2	NDT80	JH725156	69627	69635	-	15.5225	7.16e-06	0.628	GACACAAAA
MA0343.2	NDT80	JH725171	70058	70066	+	15.5225	7.16e-06	0.628	GACACAAAA
MA0343.2	NDT80	JH725202	71058	71066	+	15.5225	7.16e-06	0.628	GACACAAAA
MA0343.2	NDT80	JH725168	72208	72216	-	15.5225	7.16e-06	0.628	GACACAAAA
MA0343.2	NDT80	JH725189	72214	72222	-	15.5225	7.16e-06	0.628	GACACAAAA
MA0343.2	NDT80	JH725163	72265	72273	+	15.5225	7.16e-06	0.628	GACACAAAA
MA0343.2	NDT80	JH725182	75086	75094	-	15.5225	7.16e-06	0.628	GACACAAAA
MA0343.2	NDT80	JH725179	76342	76350	-	15.5225	7.16e-06	0.628	GACACAAAA
MA0343.2	NDT80	JH725211	76540	76548	+	15.5225	7.16e-06	0.628	GACACAAAA
MA0343.2	NDT80	JH725154	77239	77247	+	15.5225	7.16e-06	0.628	GACACAAAA
MA0343.2	NDT80	JH725185	78043	78051	-	15.5225	7.16e-06	0.628	GACACAAAA
MA0343.2	NDT80	JH725187	78054	78062	-	15.5225	7.16e-06	0.628	GACACAAAA
MA0343.2	NDT80	JH725185	79296	79304	+	15.5225	7.16e-06	0.628	GACACAAAA
MA0343.2	NDT80	JH725205	79601	79609	-	15.5225	7.16e-06	0.628	GACACAAAA
MA0343.2	NDT80	JH725192	81061	81069	-	15.5225	7.16e-06	0.628	GACACAAAA
MA0343.2	NDT80	JH725155	84948	84956	-	15.5225	7.16e-06	0.628	GACACAAAA
MA0343.2	NDT80	JH725151	86949	86957	+	15.5225	7.16e-06	0.628	GACACAAAA
MA0343.2	NDT80	JH725165	88115	88123	+	15.5225	7.16e-06	0.628	GACACAAAA
MA0343.2	NDT80	JH725205	89627	89635	+	15.5225	7.16e-06	0.628	GACACAAAA
MA0343.2	NDT80	JH725174	93561	93569	-	15.5225	7.16e-06	0.628	GACACAAAA
MA0343.2	NDT80	JH725183	95251	95259	+	15.5225	7.16e-06	0.628	GACACAAAA
MA0343.2	NDT80	JH725165	96851	96859	-	15.5225	7.16e-06	0.628	GACACAAAA
MA0343.2	NDT80	JH725191	97044	97052	-	15.5225	7.16e-06	0.628	GACACAAAA
MA0343.2	NDT80	JH725185	99208	99216	-	15.5225	7.16e-06	0.628	GACACAAAA
MA0343.2	NDT80	JH725164	101643	101651	-	15.5225	7.16e-06	0.628	GACACAAAA
MA0343.2	NDT80	JH725191	106962	106970	-	15.5225	7.16e-06	0.628	GACACAAAA
MA0343.2	NDT80	JH725189	108677	108685	-	15.5225	7.16e-06	0.628	GACACAAAA
MA0343.2	NDT80	JH725161	109606	109614	-	15.5225	7.16e-06	0.628	GACACAAAA
MA0343.2	NDT80	JH725171	110019	110027	+	15.5225	7.16e-06	0.628	GACACAAAA
MA0343.2	NDT80	JH725170	111397	111405	-	15.5225	7.16e-06	0.628	GACACAAAA
MA0343.2	NDT80	JH725192	112892	112900	+	15.5225	7.16e-06	0.628	GACACAAAA
MA0343.2	NDT80	JH725193	114155	114163	+	15.5225	7.16e-06	0.628	GACACAAAA
MA0343.2	NDT80	JH725152	116716	116724	-	15.5225	7.16e-06	0.628	GACACAAAA
MA0343.2	NDT80	JH725191	118071	118079	+	15.5225	7.16e-06	0.628	GACACAAAA
MA0343.2	NDT80	JH725158	118383	118391	-	15.5225	7.16e-06	0.628	GACACAAAA
MA0343.2	NDT80	JH725184	119148	119156	+	15.5225	7.16e-06	0.628	GACACAAAA
MA0343.2	NDT80	JH725197	120396	120404	+	15.5225	7.16e-06	0.628	GACACAAAA
MA0343.2	NDT80	JH725194	120500	120508	-	15.5225	7.16e-06	0.628	GACACAAAA
MA0343.2	NDT80	JH725197	121032	121040	-	15.5225	7.16e-06	0.628	GACACAAAA
MA0343.2	NDT80	JH725188	124298	124306	-	15.5225	7.16e-06	0.628	GACACAAAA
MA0343.2	NDT80	JH725177	126509	126517	+	15.5225	7.16e-06	0.628	GACACAAAA
MA0343.2	NDT80	JH725176	128964	128972	+	15.5225	7.16e-06	0.628	GACACAAAA
MA0343.2	NDT80	JH725165	129355	129363	+	15.5225	7.16e-06	0.628	GACACAAAA
MA0343.2	NDT80	JH725167	129542	129550	-	15.5225	7.16e-06	0.628	GACACAAAA
MA0343.2	NDT80	JH725190	136040	136048	+	15.5225	7.16e-06	0.628	GACACAAAA
MA0343.2	NDT80	JH725170	136169	136177	+	15.5225	7.16e-06	0.628	GACACAAAA
MA0343.2	NDT80	JH725194	138890	138898	-	15.5225	7.16e-06	0.628	GACACAAAA
MA0343.2	NDT80	JH725162	139693	139701	-	15.5225	7.16e-06	0.628	GACACAAAA
MA0343.2	NDT80	JH725177	139891	139899	+	15.5225	7.16e-06	0.628	GACACAAAA
MA0343.2	NDT80	JH725151	142728	142736	+	15.5225	7.16e-06	0.628	GACACAAAA
MA0343.2	NDT80	JH725173	146424	146432	-	15.5225	7.16e-06	0.628	GACACAAAA
MA0343.2	NDT80	JH725171	147431	147439	+	15.5225	7.16e-06	0.628	GACACAAAA
MA0343.2	NDT80	JH725173	149731	149739	+	15.5225	7.16e-06	0.628	GACACAAAA
MA0343.2	NDT80	JH725154	153042	153050	-	15.5225	7.16e-06	0.628	GACACAAAA
MA0343.2	NDT80	JH725186	154959	154967	+	15.5225	7.16e-06	0.628	GACACAAAA
MA0343.2	NDT80	JH725181	158609	158617	-	15.5225	7.16e-06	0.628	GACACAAAA
MA0343.2	NDT80	JH725185	160448	160456	-	15.5225	7.16e-06	0.628	GACACAAAA
MA0343.2	NDT80	JH725150	162827	162835	-	15.5225	7.16e-06	0.628	GACACAAAA
MA0343.2	NDT80	JH725180	169800	169808	+	15.5225	7.16e-06	0.628	GACACAAAA
MA0343.2	NDT80	JH725164	172605	172613	+	15.5225	7.16e-06	0.628	GACACAAAA
MA0343.2	NDT80	JH725170	172804	172812	+	15.5225	7.16e-06	0.628	GACACAAAA
MA0343.2	NDT80	JH725169	174157	174165	-	15.5225	7.16e-06	0.628	GACACAAAA
MA0343.2	NDT80	JH725152	179862	179870	+	15.5225	7.16e-06	0.628	GACACAAAA
MA0343.2	NDT80	JH725184	180698	180706	-	15.5225	7.16e-06	0.628	GACACAAAA
MA0343.2	NDT80	JH725179	183349	183357	+	15.5225	7.16e-06	0.628	GACACAAAA
MA0343.2	NDT80	JH725168	183565	183573	-	15.5225	7.16e-06	0.628	GACACAAAA
MA0343.2	NDT80	JH725181	184669	184677	-	15.5225	7.16e-06	0.628	GACACAAAA
MA0343.2	NDT80	JH725173	185647	185655	-	15.5225	7.16e-06	0.628	GACACAAAA
MA0343.2	NDT80	JH725162	189954	189962	+	15.5225	7.16e-06	0.628	GACACAAAA
MA0343.2	NDT80	JH725154	191438	191446	+	15.5225	7.16e-06	0.628	GACACAAAA
MA0343.2	NDT80	JH725175	191564	191572	-	15.5225	7.16e-06	0.628	GACACAAAA
MA0343.2	NDT80	JH725172	195301	195309	+	15.5225	7.16e-06	0.628	GACACAAAA
MA0343.2	NDT80	JH725163	196319	196327	-	15.5225	7.16e-06	0.628	GACACAAAA
MA0343.2	NDT80	JH725184	197211	197219	-	15.5225	7.16e-06	0.628	GACACAAAA
MA0343.2	NDT80	JH725160	197592	197600	-	15.5225	7.16e-06	0.628	GACACAAAA
MA0343.2	NDT80	JH725160	204641	204649	+	15.5225	7.16e-06	0.628	GACACAAAA
MA0343.2	NDT80	JH725161	205568	205576	-	15.5225	7.16e-06	0.628	GACACAAAA
MA0343.2	NDT80	JH725185	210721	210729	+	15.5225	7.16e-06	0.628	GACACAAAA
MA0343.2	NDT80	JH725163	212714	212722	+	15.5225	7.16e-06	0.628	GACACAAAA
MA0343.2	NDT80	JH725173	213878	213886	-	15.5225	7.16e-06	0.628	GACACAAAA
MA0343.2	NDT80	JH725181	219745	219753	-	15.5225	7.16e-06	0.628	GACACAAAA
MA0343.2	NDT80	JH725155	223104	223112	-	15.5225	7.16e-06	0.628	GACACAAAA
MA0343.2	NDT80	JH725158	230545	230553	-	15.5225	7.16e-06	0.628	GACACAAAA
MA0343.2	NDT80	JH725179	230961	230969	+	15.5225	7.16e-06	0.628	GACACAAAA
MA0343.2	NDT80	JH725165	232454	232462	-	15.5225	7.16e-06	0.628	GACACAAAA
MA0343.2	NDT80	JH725177	233927	233935	+	15.5225	7.16e-06	0.628	GACACAAAA
MA0343.2	NDT80	JH725155	236255	236263	+	15.5225	7.16e-06	0.628	GACACAAAA
MA0343.2	NDT80	JH725156	238849	238857	-	15.5225	7.16e-06	0.628	GACACAAAA
MA0343.2	NDT80	JH725152	240701	240709	+	15.5225	7.16e-06	0.628	GACACAAAA
MA0343.2	NDT80	JH725151	241402	241410	-	15.5225	7.16e-06	0.628	GACACAAAA
MA0343.2	NDT80	JH725173	246840	246848	+	15.5225	7.16e-06	0.628	GACACAAAA
MA0343.2	NDT80	JH725182	248008	248016	-	15.5225	7.16e-06	0.628	GACACAAAA
MA0343.2	NDT80	JH725150	252215	252223	+	15.5225	7.16e-06	0.628	GACACAAAA
MA0343.2	NDT80	JH725183	262772	262780	-	15.5225	7.16e-06	0.628	GACACAAAA
MA0343.2	NDT80	JH725150	266859	266867	+	15.5225	7.16e-06	0.628	GACACAAAA
MA0343.2	NDT80	JH725160	269081	269089	+	15.5225	7.16e-06	0.628	GACACAAAA
MA0343.2	NDT80	JH725178	272149	272157	+	15.5225	7.16e-06	0.628	GACACAAAA
MA0343.2	NDT80	JH725179	272331	272339	-	15.5225	7.16e-06	0.628	GACACAAAA
MA0343.2	NDT80	JH725166	275300	275308	-	15.5225	7.16e-06	0.628	GACACAAAA
MA0343.2	NDT80	JH725154	285654	285662	+	15.5225	7.16e-06	0.628	GACACAAAA
MA0343.2	NDT80	JH725175	292427	292435	+	15.5225	7.16e-06	0.628	GACACAAAA
MA0343.2	NDT80	JH725173	304110	304118	-	15.5225	7.16e-06	0.628	GACACAAAA
MA0343.2	NDT80	JH725165	307524	307532	+	15.5225	7.16e-06	0.628	GACACAAAA
MA0343.2	NDT80	JH725164	310516	310524	-	15.5225	7.16e-06	0.628	GACACAAAA
MA0343.2	NDT80	JH725154	311037	311045	+	15.5225	7.16e-06	0.628	GACACAAAA
MA0343.2	NDT80	JH725167	312162	312170	+	15.5225	7.16e-06	0.628	GACACAAAA
MA0343.2	NDT80	JH725156	313049	313057	-	15.5225	7.16e-06	0.628	GACACAAAA
MA0343.2	NDT80	JH725176	320515	320523	-	15.5225	7.16e-06	0.628	GACACAAAA
MA0343.2	NDT80	JH725178	321500	321508	-	15.5225	7.16e-06	0.628	GACACAAAA
MA0343.2	NDT80	JH725160	331073	331081	+	15.5225	7.16e-06	0.628	GACACAAAA
MA0343.2	NDT80	JH725163	331883	331891	+	15.5225	7.16e-06	0.628	GACACAAAA
MA0343.2	NDT80	JH725152	341569	341577	-	15.5225	7.16e-06	0.628	GACACAAAA
MA0343.2	NDT80	JH725159	346482	346490	-	15.5225	7.16e-06	0.628	GACACAAAA
MA0343.2	NDT80	JH725164	348127	348135	+	15.5225	7.16e-06	0.628	GACACAAAA
MA0343.2	NDT80	JH725155	356417	356425	-	15.5225	7.16e-06	0.628	GACACAAAA
MA0343.2	NDT80	JH725150	361277	361285	-	15.5225	7.16e-06	0.628	GACACAAAA
MA0343.2	NDT80	JH725158	367152	367160	-	15.5225	7.16e-06	0.628	GACACAAAA
MA0343.2	NDT80	JH725171	368544	368552	+	15.5225	7.16e-06	0.628	GACACAAAA
MA0343.2	NDT80	JH725169	369230	369238	-	15.5225	7.16e-06	0.628	GACACAAAA
MA0343.2	NDT80	JH725172	369386	369394	+	15.5225	7.16e-06	0.628	GACACAAAA
MA0343.2	NDT80	JH725151	374625	374633	+	15.5225	7.16e-06	0.628	GACACAAAA
MA0343.2	NDT80	JH725168	377254	377262	-	15.5225	7.16e-06	0.628	GACACAAAA
MA0343.2	NDT80	JH725160	379271	379279	-	15.5225	7.16e-06	0.628	GACACAAAA
MA0343.2	NDT80	JH725157	380339	380347	-	15.5225	7.16e-06	0.628	GACACAAAA
MA0343.2	NDT80	JH725159	388955	388963	-	15.5225	7.16e-06	0.628	GACACAAAA
MA0343.2	NDT80	JH725167	395593	395601	+	15.5225	7.16e-06	0.628	GACACAAAA
MA0343.2	NDT80	JH725169	396773	396781	-	15.5225	7.16e-06	0.628	GACACAAAA
MA0343.2	NDT80	JH725157	400540	400548	+	15.5225	7.16e-06	0.628	GACACAAAA
MA0343.2	NDT80	JH725163	401463	401471	-	15.5225	7.16e-06	0.628	GACACAAAA
MA0343.2	NDT80	JH725168	401498	401506	-	15.5225	7.16e-06	0.628	GACACAAAA
MA0343.2	NDT80	JH725164	409196	409204	-	15.5225	7.16e-06	0.628	GACACAAAA
MA0343.2	NDT80	JH725163	411094	411102	+	15.5225	7.16e-06	0.628	GACACAAAA
MA0343.2	NDT80	JH725171	411152	411160	-	15.5225	7.16e-06	0.628	GACACAAAA
MA0343.2	NDT80	JH725156	411430	411438	+	15.5225	7.16e-06	0.628	GACACAAAA
MA0343.2	NDT80	JH725169	416014	416022	-	15.5225	7.16e-06	0.628	GACACAAAA
MA0343.2	NDT80	JH725165	419359	419367	-	15.5225	7.16e-06	0.628	GACACAAAA
MA0343.2	NDT80	JH725158	423064	423072	+	15.5225	7.16e-06	0.628	GACACAAAA
MA0343.2	NDT80	JH725163	427573	427581	+	15.5225	7.16e-06	0.628	GACACAAAA
MA0343.2	NDT80	JH725172	434388	434396	-	15.5225	7.16e-06	0.628	GACACAAAA
MA0343.2	NDT80	JH725150	434785	434793	+	15.5225	7.16e-06	0.628	GACACAAAA
MA0343.2	NDT80	JH725151	441833	441841	-	15.5225	7.16e-06	0.628	GACACAAAA
MA0343.2	NDT80	JH725152	443664	443672	+	15.5225	7.16e-06	0.628	GACACAAAA
MA0343.2	NDT80	JH725152	444731	444739	+	15.5225	7.16e-06	0.628	GACACAAAA
MA0343.2	NDT80	JH725150	445637	445645	+	15.5225	7.16e-06	0.628	GACACAAAA
MA0343.2	NDT80	JH725161	449164	449172	+	15.5225	7.16e-06	0.628	GACACAAAA
MA0343.2	NDT80	JH725159	451015	451023	-	15.5225	7.16e-06	0.628	GACACAAAA
MA0343.2	NDT80	JH725152	452448	452456	-	15.5225	7.16e-06	0.628	GACACAAAA
MA0343.2	NDT80	JH725153	460859	460867	-	15.5225	7.16e-06	0.628	GACACAAAA
MA0343.2	NDT80	JH725154	461875	461883	-	15.5225	7.16e-06	0.628	GACACAAAA
MA0343.2	NDT80	JH725153	464199	464207	+	15.5225	7.16e-06	0.628	GACACAAAA
MA0343.2	NDT80	JH725150	467536	467544	+	15.5225	7.16e-06	0.628	GACACAAAA
MA0343.2	NDT80	JH725169	476724	476732	-	15.5225	7.16e-06	0.628	GACACAAAA
MA0343.2	NDT80	JH725150	483786	483794	-	15.5225	7.16e-06	0.628	GACACAAAA
MA0343.2	NDT80	JH725163	487039	487047	+	15.5225	7.16e-06	0.628	GACACAAAA
MA0343.2	NDT80	JH725167	488417	488425	-	15.5225	7.16e-06	0.628	GACACAAAA
MA0343.2	NDT80	JH725159	489302	489310	-	15.5225	7.16e-06	0.628	GACACAAAA
MA0343.2	NDT80	JH725163	498560	498568	+	15.5225	7.16e-06	0.628	GACACAAAA
MA0343.2	NDT80	JH725155	506089	506097	-	15.5225	7.16e-06	0.628	GACACAAAA
MA0343.2	NDT80	JH725151	513481	513489	-	15.5225	7.16e-06	0.628	GACACAAAA
MA0343.2	NDT80	JH725153	522247	522255	-	15.5225	7.16e-06	0.628	GACACAAAA
MA0343.2	NDT80	JH725167	527941	527949	-	15.5225	7.16e-06	0.628	GACACAAAA
MA0343.2	NDT80	JH725155	536147	536155	-	15.5225	7.16e-06	0.628	GACACAAAA
MA0343.2	NDT80	JH725167	547365	547373	+	15.5225	7.16e-06	0.628	GACACAAAA
MA0343.2	NDT80	JH725163	549434	549442	+	15.5225	7.16e-06	0.628	GACACAAAA
MA0343.2	NDT80	JH725160	558387	558395	-	15.5225	7.16e-06	0.628	GACACAAAA
MA0343.2	NDT80	JH725168	558396	558404	+	15.5225	7.16e-06	0.628	GACACAAAA
MA0343.2	NDT80	JH725160	563275	563283	+	15.5225	7.16e-06	0.628	GACACAAAA
MA0343.2	NDT80	JH725153	564727	564735	+	15.5225	7.16e-06	0.628	GACACAAAA
MA0343.2	NDT80	JH725163	566086	566094	-	15.5225	7.16e-06	0.628	GACACAAAA
MA0343.2	NDT80	JH725163	573947	573955	+	15.5225	7.16e-06	0.628	GACACAAAA
MA0343.2	NDT80	JH725154	574832	574840	+	15.5225	7.16e-06	0.628	GACACAAAA
MA0343.2	NDT80	JH725160	575514	575522	+	15.5225	7.16e-06	0.628	GACACAAAA
MA0343.2	NDT80	JH725166	578752	578760	+	15.5225	7.16e-06	0.628	GACACAAAA
MA0343.2	NDT80	JH725154	578991	578999	-	15.5225	7.16e-06	0.628	GACACAAAA
MA0343.2	NDT80	JH725165	582614	582622	-	15.5225	7.16e-06	0.628	GACACAAAA
MA0343.2	NDT80	JH725165	586092	586100	+	15.5225	7.16e-06	0.628	GACACAAAA
MA0343.2	NDT80	JH725150	609786	609794	-	15.5225	7.16e-06	0.628	GACACAAAA
MA0343.2	NDT80	JH725158	612592	612600	+	15.5225	7.16e-06	0.628	GACACAAAA
MA0343.2	NDT80	JH725159	615850	615858	-	15.5225	7.16e-06	0.628	GACACAAAA
MA0343.2	NDT80	JH725150	625737	625745	-	15.5225	7.16e-06	0.628	GACACAAAA
MA0343.2	NDT80	JH725156	626009	626017	-	15.5225	7.16e-06	0.628	GACACAAAA
MA0343.2	NDT80	JH725164	626190	626198	+	15.5225	7.16e-06	0.628	GACACAAAA
MA0343.2	NDT80	JH725160	635550	635558	+	15.5225	7.16e-06	0.628	GACACAAAA
MA0343.2	NDT80	JH725151	640030	640038	+	15.5225	7.16e-06	0.628	GACACAAAA
MA0343.2	NDT80	JH725154	641033	641041	+	15.5225	7.16e-06	0.628	GACACAAAA
MA0343.2	NDT80	JH725158	659305	659313	-	15.5225	7.16e-06	0.628	GACACAAAA
MA0343.2	NDT80	JH725165	659595	659603	+	15.5225	7.16e-06	0.628	GACACAAAA
MA0343.2	NDT80	JH725154	666972	666980	-	15.5225	7.16e-06	0.628	GACACAAAA
MA0343.2	NDT80	JH725158	668277	668285	-	15.5225	7.16e-06	0.628	GACACAAAA
MA0343.2	NDT80	JH725155	670581	670589	+	15.5225	7.16e-06	0.628	GACACAAAA
MA0343.2	NDT80	JH725154	682067	682075	+	15.5225	7.16e-06	0.628	GACACAAAA
MA0343.2	NDT80	JH725158	684391	684399	+	15.5225	7.16e-06	0.628	GACACAAAA
MA0343.2	NDT80	JH725155	688599	688607	-	15.5225	7.16e-06	0.628	GACACAAAA
MA0343.2	NDT80	JH725151	688949	688957	+	15.5225	7.16e-06	0.628	GACACAAAA
MA0343.2	NDT80	JH725161	698469	698477	-	15.5225	7.16e-06	0.628	GACACAAAA
MA0343.2	NDT80	JH725162	706833	706841	+	15.5225	7.16e-06	0.628	GACACAAAA
MA0343.2	NDT80	JH725159	710633	710641	-	15.5225	7.16e-06	0.628	GACACAAAA
MA0343.2	NDT80	JH725162	722567	722575	-	15.5225	7.16e-06	0.628	GACACAAAA
MA0343.2	NDT80	JH725151	734519	734527	+	15.5225	7.16e-06	0.628	GACACAAAA
MA0343.2	NDT80	JH725150	741046	741054	-	15.5225	7.16e-06	0.628	GACACAAAA
MA0343.2	NDT80	JH725151	741957	741965	-	15.5225	7.16e-06	0.628	GACACAAAA
MA0343.2	NDT80	JH725154	742339	742347	-	15.5225	7.16e-06	0.628	GACACAAAA
MA0343.2	NDT80	JH725150	755801	755809	+	15.5225	7.16e-06	0.628	GACACAAAA
MA0343.2	NDT80	JH725158	756976	756984	+	15.5225	7.16e-06	0.628	GACACAAAA
MA0343.2	NDT80	JH725158	763823	763831	-	15.5225	7.16e-06	0.628	GACACAAAA
MA0343.2	NDT80	JH725151	771240	771248	-	15.5225	7.16e-06	0.628	GACACAAAA
MA0343.2	NDT80	JH725154	779937	779945	+	15.5225	7.16e-06	0.628	GACACAAAA
MA0343.2	NDT80	JH725151	785298	785306	+	15.5225	7.16e-06	0.628	GACACAAAA
MA0343.2	NDT80	JH725157	790767	790775	+	15.5225	7.16e-06	0.628	GACACAAAA
MA0343.2	NDT80	JH725158	793310	793318	+	15.5225	7.16e-06	0.628	GACACAAAA
MA0343.2	NDT80	JH725158	793520	793528	-	15.5225	7.16e-06	0.628	GACACAAAA
MA0343.2	NDT80	JH725156	796926	796934	-	15.5225	7.16e-06	0.628	GACACAAAA
MA0343.2	NDT80	JH725157	801433	801441	+	15.5225	7.16e-06	0.628	GACACAAAA
MA0343.2	NDT80	JH725155	809327	809335	-	15.5225	7.16e-06	0.628	GACACAAAA
MA0343.2	NDT80	JH725159	816491	816499	-	15.5225	7.16e-06	0.628	GACACAAAA
MA0343.2	NDT80	JH725155	817305	817313	-	15.5225	7.16e-06	0.628	GACACAAAA
MA0343.2	NDT80	JH725152	829330	829338	-	15.5225	7.16e-06	0.628	GACACAAAA
MA0343.2	NDT80	JH725154	843478	843486	-	15.5225	7.16e-06	0.628	GACACAAAA
MA0343.2	NDT80	JH725155	857587	857595	-	15.5225	7.16e-06	0.628	GACACAAAA
MA0343.2	NDT80	JH725152	881155	881163	+	15.5225	7.16e-06	0.628	GACACAAAA
MA0343.2	NDT80	JH725159	889534	889542	-	15.5225	7.16e-06	0.628	GACACAAAA
MA0343.2	NDT80	JH725157	889742	889750	+	15.5225	7.16e-06	0.628	GACACAAAA
MA0343.2	NDT80	JH725155	920104	920112	-	15.5225	7.16e-06	0.628	GACACAAAA
MA0343.2	NDT80	JH725158	928740	928748	+	15.5225	7.16e-06	0.628	GACACAAAA
MA0343.2	NDT80	JH725154	929284	929292	+	15.5225	7.16e-06	0.628	GACACAAAA
MA0343.2	NDT80	JH725157	933787	933795	-	15.5225	7.16e-06	0.628	GACACAAAA
MA0343.2	NDT80	JH725153	967597	967605	-	15.5225	7.16e-06	0.628	GACACAAAA
MA0343.2	NDT80	JH725155	977259	977267	-	15.5225	7.16e-06	0.628	GACACAAAA
MA0343.2	NDT80	JH725152	978619	978627	+	15.5225	7.16e-06	0.628	GACACAAAA
MA0343.2	NDT80	JH725151	984381	984389	+	15.5225	7.16e-06	0.628	GACACAAAA
MA0343.2	NDT80	JH725152	987043	987051	+	15.5225	7.16e-06	0.628	GACACAAAA
MA0343.2	NDT80	JH725157	1003064	1003072	-	15.5225	7.16e-06	0.628	GACACAAAA
MA0343.2	NDT80	JH725153	1019330	1019338	+	15.5225	7.16e-06	0.628	GACACAAAA
MA0343.2	NDT80	JH725152	1042554	1042562	+	15.5225	7.16e-06	0.628	GACACAAAA
MA0343.2	NDT80	JH725152	1046533	1046541	+	15.5225	7.16e-06	0.628	GACACAAAA
MA0343.2	NDT80	JH725150	1057058	1057066	+	15.5225	7.16e-06	0.628	GACACAAAA
MA0343.2	NDT80	JH725156	1068986	1068994	-	15.5225	7.16e-06	0.628	GACACAAAA
MA0343.2	NDT80	JH725154	1078204	1078212	+	15.5225	7.16e-06	0.628	GACACAAAA
MA0343.2	NDT80	JH725157	1078950	1078958	-	15.5225	7.16e-06	0.628	GACACAAAA
MA0343.2	NDT80	JH725156	1079106	1079114	-	15.5225	7.16e-06	0.628	GACACAAAA
MA0343.2	NDT80	JH725154	1085367	1085375	+	15.5225	7.16e-06	0.628	GACACAAAA
MA0343.2	NDT80	JH725150	1094625	1094633	+	15.5225	7.16e-06	0.628	GACACAAAA
MA0343.2	NDT80	JH725158	1095549	1095557	+	15.5225	7.16e-06	0.628	GACACAAAA
MA0343.2	NDT80	JH725155	1096152	1096160	-	15.5225	7.16e-06	0.628	GACACAAAA
MA0343.2	NDT80	JH725152	1110755	1110763	-	15.5225	7.16e-06	0.628	GACACAAAA
MA0343.2	NDT80	JH725154	1118813	1118821	+	15.5225	7.16e-06	0.628	GACACAAAA
MA0343.2	NDT80	JH725155	1124290	1124298	+	15.5225	7.16e-06	0.628	GACACAAAA
MA0343.2	NDT80	JH725156	1128050	1128058	+	15.5225	7.16e-06	0.628	GACACAAAA
MA0343.2	NDT80	JH725156	1140917	1140925	+	15.5225	7.16e-06	0.628	GACACAAAA
MA0343.2	NDT80	JH725155	1157574	1157582	+	15.5225	7.16e-06	0.628	GACACAAAA
MA0343.2	NDT80	JH725153	1173345	1173353	+	15.5225	7.16e-06	0.628	GACACAAAA
MA0343.2	NDT80	JH725150	1174247	1174255	+	15.5225	7.16e-06	0.628	GACACAAAA
MA0343.2	NDT80	JH725156	1204250	1204258	-	15.5225	7.16e-06	0.628	GACACAAAA
MA0343.2	NDT80	JH725151	1234198	1234206	+	15.5225	7.16e-06	0.628	GACACAAAA
MA0343.2	NDT80	JH725155	1248796	1248804	+	15.5225	7.16e-06	0.628	GACACAAAA
MA0343.2	NDT80	JH725154	1257082	1257090	+	15.5225	7.16e-06	0.628	GACACAAAA
MA0343.2	NDT80	JH725154	1292455	1292463	-	15.5225	7.16e-06	0.628	GACACAAAA
MA0343.2	NDT80	JH725150	1306592	1306600	-	15.5225	7.16e-06	0.628	GACACAAAA
MA0343.2	NDT80	JH725151	1307140	1307148	-	15.5225	7.16e-06	0.628	GACACAAAA
MA0343.2	NDT80	JH725150	1315999	1316007	+	15.5225	7.16e-06	0.628	GACACAAAA
MA0343.2	NDT80	JH725152	1333941	1333949	-	15.5225	7.16e-06	0.628	GACACAAAA
MA0343.2	NDT80	JH725154	1346656	1346664	-	15.5225	7.16e-06	0.628	GACACAAAA
MA0343.2	NDT80	JH725153	1348571	1348579	+	15.5225	7.16e-06	0.628	GACACAAAA
MA0343.2	NDT80	JH725153	1349662	1349670	-	15.5225	7.16e-06	0.628	GACACAAAA
MA0343.2	NDT80	JH725151	1352664	1352672	-	15.5225	7.16e-06	0.628	GACACAAAA
MA0343.2	NDT80	JH725155	1352908	1352916	+	15.5225	7.16e-06	0.628	GACACAAAA
MA0343.2	NDT80	JH725155	1355574	1355582	-	15.5225	7.16e-06	0.628	GACACAAAA
MA0343.2	NDT80	JH725154	1362954	1362962	+	15.5225	7.16e-06	0.628	GACACAAAA
MA0343.2	NDT80	JH725150	1369201	1369209	+	15.5225	7.16e-06	0.628	GACACAAAA
MA0343.2	NDT80	JH725152	1379232	1379240	+	15.5225	7.16e-06	0.628	GACACAAAA
MA0343.2	NDT80	JH725150	1383981	1383989	-	15.5225	7.16e-06	0.628	GACACAAAA
MA0343.2	NDT80	JH725153	1431878	1431886	-	15.5225	7.16e-06	0.628	GACACAAAA
MA0343.2	NDT80	JH725151	1438446	1438454	-	15.5225	7.16e-06	0.628	GACACAAAA
MA0343.2	NDT80	JH725153	1461431	1461439	+	15.5225	7.16e-06	0.628	GACACAAAA
MA0343.2	NDT80	JH725153	1483091	1483099	-	15.5225	7.16e-06	0.628	GACACAAAA
MA0343.2	NDT80	JH725150	1489153	1489161	-	15.5225	7.16e-06	0.628	GACACAAAA
MA0343.2	NDT80	JH725150	1493181	1493189	+	15.5225	7.16e-06	0.628	GACACAAAA
MA0343.2	NDT80	JH725153	1528363	1528371	-	15.5225	7.16e-06	0.628	GACACAAAA
MA0343.2	NDT80	JH725150	1552718	1552726	-	15.5225	7.16e-06	0.628	GACACAAAA
MA0343.2	NDT80	JH725153	1589365	1589373	-	15.5225	7.16e-06	0.628	GACACAAAA
MA0343.2	NDT80	JH725152	1620696	1620704	+	15.5225	7.16e-06	0.628	GACACAAAA
MA0343.2	NDT80	JH725153	1622919	1622927	+	15.5225	7.16e-06	0.628	GACACAAAA
MA0343.2	NDT80	JH725151	1624224	1624232	-	15.5225	7.16e-06	0.628	GACACAAAA
MA0343.2	NDT80	JH725150	1631506	1631514	-	15.5225	7.16e-06	0.628	GACACAAAA
MA0343.2	NDT80	JH725153	1636961	1636969	-	15.5225	7.16e-06	0.628	GACACAAAA
MA0343.2	NDT80	JH725150	1672029	1672037	+	15.5225	7.16e-06	0.628	GACACAAAA
MA0343.2	NDT80	JH725151	1679713	1679721	-	15.5225	7.16e-06	0.628	GACACAAAA
MA0343.2	NDT80	JH725150	1795838	1795846	+	15.5225	7.16e-06	0.628	GACACAAAA
MA0343.2	NDT80	JH725150	1797189	1797197	+	15.5225	7.16e-06	0.628	GACACAAAA
MA0343.2	NDT80	JH725151	1841105	1841113	+	15.5225	7.16e-06	0.628	GACACAAAA
MA0343.2	NDT80	JH725151	1848944	1848952	-	15.5225	7.16e-06	0.628	GACACAAAA
MA0343.2	NDT80	JH725150	1991411	1991419	+	15.5225	7.16e-06	0.628	GACACAAAA

# FIMO (Find Individual Motif Occurrences): Version 5.5.7 compiled on Aug 29 2024 at 17:50:14
# The format of this file is described at https://meme-suite.org/meme/doc/fimo-output-format.html#tsv_results.
# fimo --oc . --verbosity 1 --bgfile db/EnsemblFungi/beauveria_bassiana_arsef_2860_gca_000280675_57.fna.bfile --thresh 1.0E-5 NDT80_MA0343.2_S.cerevisiae.meme db/EnsemblFungi/beauveria_bassiana_arsef_2860_gca_000280675_57.fna
